<?xml version="1.0" encoding="UTF-8" standalone="yes"?>
<AssignMessage continueOnError="false" enabled="true" name="AM-ERROR-SECURITY">
  <DisplayName>AM-ERROR-SECURITY</DisplayName>
  <Properties/>
  <AssignVariable>
    <Name>flow.error.code</Name>
    <Value>Error-401</Value>
  </AssignVariable>
  <AssignVariable>
    <Name>flow.error.message</Name>
    <Value>Unauthorized</Value>
  </AssignVariable>
  <AssignVariable>
    <Name>flow.error.http.code</Name>
    <Value>401</Value>
  </AssignVariable>
  <AssignVariable>
    <Name>flow.error.http.message</Name>
    <Value>Unauthorized</Value>
  </AssignVariable>
</AssignMessage>
