<?xml version="1.0" encoding="UTF-8" standalone="yes"?>
<AssignMessage continueOnError="false" enabled="true" name="AM-ERROR-SPIKEARREST">
  <DisplayName>AM-ERROR-SPIKEARREST</DisplayName>
  <Properties/>
  <AssignVariable>
    <Name>flow.error.code</Name>
    <Value>Error-429</Value>
  </AssignVariable>
  <AssignVariable>
    <Name>flow.error.message</Name>
    <Value>intense traffic spikes</Value>
  </AssignVariable>
  <AssignVariable>
    <Name>flow.error.http.code</Name>
    <Value>429</Value>
  </AssignVariable>
  <AssignVariable>
    <Name>flow.error.http.message</Name>
    <Value>intense traffic spikes</Value>
  </AssignVariable>
</AssignMessage>
